{"_timestamp":1.7603654178826962e+09,"_step":1,"lf_org_suffix_coverage":0.0012010409021151664,"_wandb":{"runtime":1},"_runtime":1,"lf_year_coverage":0.09554947621271768}