{"lf_org_suffix_coverage":0.0012010409021151664,"aggregated_label_distribution":{"-1":13541,"0":1430,"1":16},"_wandb":{"runtime":2},"_runtime":2,"lf_year_coverage":0.09554947621271768,"_timestamp":1.7603656935641446e+09,"_step":1}