{"CIFAR100_loss":0.10409163899979071,"_wandb":{"runtime":5868},"_runtime":5868,"CIFAR100_accuracy":97.72,"epoch":88,"_timestamp":1.7603746187145164e+09,"_step":87}