{"CIFAR100_accuracy":97.12,"_timestamp":1.7603687370278242e+09,"_wandb":{"runtime":2895},"CIFAR10_accuracy":98.78,"_runtime":2895,"CIFAR100_loss":0.1023997279897898,"_step":43,"CIFAR10_loss":0.04371583323684061,"epoch":19}